node_id,name,description,unique_id,qr_id,timestamp
node-t-8821,yama log e-paper,yama log QRe-paper,62a779609f0b527d1e0122014de8a37dc6a37a625df50f92d9f08fba76aae6d3,2adc63a017fa48eeb8a70c98417cd0a8,2025-10-09 11:18:49
node-t-8821,yama log e-paper,yama log QRe-paper,ee4d625dcf7be5588609d917a95db67b65ca1681747d1ef60305678c29e5d1d5,cc4e545b141943b69660ee02363cb2f6,2025-10-09 11:19:04
node-s-8213,yama log e-paper,yama log QRe-paper,1690a359f195ddfc1fcf5a44c9e89e9c2b4c2d42d35e38fa75480dd360333ab7,4ee674cff38b4b588205cc0eaed8684b,2025-10-09 11:20:44
node-s-8213,yama log e-paper,yama log QRe-paper,60b2b2ba8d1094d2b5f89e8c1906506180b2818e390b45a5263d5d347ce0c93e,ede7930aba0d45b1aad07cf63b0cebe2,2025-10-09 11:20:59
node-s-8213,yama log e-paper,yama log QRe-paper,2cc2a09cc7e2d659760e5d13ffde8392f91b914ae7df1745e650e755d75c854d,49d28e7ca2784598b3547fec53d3bda4,2025-10-09 11:23:04
node-s-8213,yama log e-paper,yama log QRe-paper,e71ff1f82db345eb4f5e3a604ef304cbfc8da6354838f8a9bca8d21b88aa839f,a20cb21746284eda85accd9dd7a4e4be,2025-10-09 11:23:19
node-s-8213,yama log e-paper,yama log QRe-paper,02cea72ddb4418dd1ad96c23a8b47eb0e04c2174dd3aaaba92b03fbccabd34a8,5cd0b73f613242d68459fd2a962b665c,2025-10-09 11:23:34
node-s-8213,yama log e-paper,yama log QRe-paper,d1eaed3ccfb526fa7cea3c09b628c29a7bb4c7f0f7d941cf2f528d949216c92b,4b66ac7405e84a3f80c99e98d0d106f7,2025-10-09 11:23:48
node-s-8213,yama log e-paper,yama log QRe-paper,48e8e96dc55b82a46da8aca30ff72f3c53736e7fa2bcb817d8dd88aa80593b0f,937ef828eba64b05874aa53a1d04fb31,2025-10-09 11:24:03
node-s-8213,yama log e-paper,yama log QRe-paper,16774303855f814ac498b716cf689116b1faa4dc7d009c9f50d2c05ed1144757,488e8cb99d4b4733905129f24945fce5,2025-10-09 11:24:18
node-s-8213,yama log e-paper,yama log QRe-paper,e12042de87680c0704d1c236cf73ff07a44ea8eaebc4d875f9f60ca6c5f9b2a7,fc84adf45a6047b89f1c4bb0dd703cf3,2025-10-09 11:24:33
node-s-8213,yama log e-paper,yama log QRe-paper,0111b66ed14312e90141a171a34dc416613028ca929275cad332863416c6460a,8ec9f07f7da749f0b597c95f45442727,2025-10-09 11:24:48
node-s-8213,yama log e-paper,yama log QRe-paper,d29e875239e2ec3684c95a9304b57623366e2d345963366cedd4eeb64a1ee260,3ea1f31052164cae984b069dbdd44806,2025-10-09 11:25:02
node-s-8213,yama log e-paper,yama log QRe-paper,44fcab97e373916a649d38a14ebb8b8f664d940fc974424a49f2eb863b6b93bb,5fc0c5de67bc4e3bb68d22292d19f344,2025-10-09 11:25:17
node-s-8213,yama log e-paper,yama log QRe-paper,a4b7dcb8558825a0111359782d2809793d864c67139f41ab441dbee796902f6f,803a05ce45184d14b93b72218d7b56b5,2025-10-09 11:25:32
node-s-8213,yama log e-paper,yama log QRe-paper,538cb1eb9d7e5553f15724a993eb29ce5d7ab76e43e02ce9413bc4822bc083ef,41df7b9059164339ab68111b138cac1c,2025-10-09 11:25:47
node-s-8213,yama log e-paper,yama log QRe-paper,4ea489b6e3b7f1a5668f5fc3f37c0c4273042f5f3a7cbbaf205431a04648eb19,4e979ec0271f4733937b41ae7b35a6f8,2025-10-09 11:26:02
node-s-8213,yama log e-paper,yama log QRe-paper,049d1d2c52bee333d490c628e9c90c87bcabe8b1e0b21644c2e80daa29103193,38c4831f509647bdab770e16b5c3509e,2025-10-09 11:26:16
node-s-8213,yama log e-paper,yama log QRe-paper,b66ee87da4d8ec1da67efc4c8eb5445905770cf9195d4f9af4fdf32875d9bd76,acd237e9c6bd48648da0a1593cf41263,2025-10-09 11:26:31
node-s-8213,yama log e-paper,yama log QRe-paper,6940e3a5149cb6605b3eb09a908677858850a21fba3b6b1aed957ff971b92bca,e3f0955596ea4bd1bdb20b4671dd58db,2025-10-09 11:26:46
node-s-8213,yama log e-paper,yama log QRe-paper,02a6c921d33ac01c5575bb7bab46ff1b8e85b36d6fba42068f78a5f89ac09748,a56946491410429281340610573dfd43,2025-10-09 11:27:01
node-s-8213,yama log e-paper,yama log QRe-paper,5118053e3af04d50f3fa27b81c45f643d8a361340e6c9c16a0bacef23e885598,a0c6da309a0748f5952bf662e8391896,2025-10-09 11:27:16
node-s-8213,yama log e-paper,yama log QRe-paper,e503c176149d5d2c0a995e1af1bf555a6e96829506e40b6f0bf9651e17140653,93114daf4d21497e920b1376320ae3c3,2025-10-09 11:27:30
node-s-8213,yama log e-paper,yama log QRe-paper,a23597b8e1aa92f9c91a2ac3998c9592b4589c7ecbd096e14df3e3564ca8350e,6b26d64802aa43a09f862a8a089c1778,2025-10-09 11:27:45
node-s-8213,yama log e-paper,yama log QRe-paper,7ee6e034ff285fe41e8360ec50b4b5a91ec7268ab4c3f32e16af6387b8893115,38ea06a3590f404d81566dd391d96d65,2025-10-09 11:28:00
node-s-8213,yama log e-paper,yama log QRe-paper,60465294a4b624a45844798d7ba7ec15c039a18eb37b5026dad7f535c51da8bf,f24467670d5e4a65a6e924c8475c1c42,2025-10-09 11:28:15
node-s-8213,yama log e-paper,yama log QRe-paper,bdacb5a8c50c5c269a99108fe7d3745120e66cf7fc61c2de518143021db1b2a8,b7de4b76bd7640f1bacd208e4a1b6c20,2025-10-09 11:28:30
node-s-8213,yama log e-paper,yama log QRe-paper,7e880da33f5df8ed6a0ae5715cc1a8415cec15c1da607b10053b9b6f0f7ff7a0,a5bcb8cb481d492087b01121feace651,2025-10-09 11:28:44
node-s-8213,yama log e-paper,yama log QRe-paper,795d3c49d0d7929f93c69909df3714de6ddfb0d44bff6f3c0c59f9971d8a4dde,bcac0befaa394abc902bb3def92c1afb,2025-10-09 11:28:59
node-s-8213,yama log e-paper,yama log QRe-paper,420a46cc412a9c7fa40f83ea2d00d89830f3f1348655c9fc6cfaa9266033a363,be1a8fb2ad4f46e69f14d87ab5b7fa2e,2025-10-09 11:29:14
node-s-8213,yama log e-paper,yama log QRe-paper,ce70a92717b678210742b8ed4165f73a7aafe63777a377ad46be99ab24f34f8f,d8d3cae6c701441a8beaf0f7dd6e294f,2025-10-09 11:29:29
node-s-8213,yama log e-paper,yama log QRe-paper,dd3c9993891797845f2d658bca8d3fb48f916b5a4f1ede5f07cb1f870b0356a7,4cee8461fd8f473689aef5d216b0760d,2025-10-09 11:29:44
node-s-8213,yama log e-paper,yama log QRe-paper,0397653b0f62079cf61894ce4ec7376806d88db2bb8a5fdf19a7527ca8b94aab,8156d4393c844a3a85b12801f8ef0d1e,2025-10-09 11:29:58
node-s-8213,yama log e-paper,yama log QRe-paper,908bc5f0eaaf9e51f9566fc95b2791b341ba9145548f1c05f5484db7e5ac1f45,f61471a9523b432986af5f89eec3d9ef,2025-10-09 11:30:13
node-s-8213,yama log e-paper,yama log QRe-paper,93b17d81ff5219b7925c610ccf6680c439853fdb6e44274a90f0db8bcc36193d,a05b40804f5843cfa6d8554c951c8f08,2025-10-09 11:30:28
node-s-8213,yama log e-paper,yama log QRe-paper,4aacd2250d4056bf1aa15a8e859790bdb07c8d073afadf37d93be0f3f4c20e25,9347544be7f94d8393e704e18c07c096,2025-10-09 11:30:43
node-s-8213,yama log e-paper,yama log QRe-paper,5a0bcd4249ce7757e16f02ebdd3b6249b74736d731751a9abf42de7c2a9edd5d,0c0be0fad8894e059c98990aa116cdbd,2025-10-09 11:30:58
node-s-8213,yama log e-paper,yama log QRe-paper,fb3a801d61277074078b1fbe2513fa47ec1181583bb872da6148811912f15729,c24323bc369f4a9db70317f1a080df92,2025-10-09 11:31:12
node-s-8213,yama log e-paper,yama log QRe-paper,744a42f2a1b0cd310d6e4e5650bfc21585fdb6b1684bebce894f509ef0d207c6,ea983af86d764c439187a2b8e730ac59,2025-10-09 11:31:27
node-s-8213,yama log e-paper,yama log QRe-paper,a6b173b65a66ef2292a9dd85926ac4a801fb38d7b98628f4e11b95f40f55f0e5,8206985194be4e99b02d71e703ecd52b,2025-10-09 11:31:42
node-s-8213,yama log e-paper,yama log QRe-paper,fd37357a199ad97843f2b5056a36f17af4dde5a6d5f9f75eb5dc6fc76855d4e3,11f313490831466e867e7adc67b79de5,2025-10-09 11:31:57
node-s-8213,yama log e-paper,yama log QRe-paper,f80bd3ee7fdb0a111e6088e3a0c7657db6fa25fb5dd7578abff5b364cae300dd,1f42b43f59b74d2c8ed64ea5763e02a9,2025-10-09 11:32:12
node-s-8213,yama log e-paper,yama log QRe-paper,103267d989f6f4146080317faf8f81c2b25cbfc5e0fbaeca6a4cf07c9a200446,7d95d832401f4feabe192fd30f6974fe,2025-10-09 11:32:26
node-s-8213,yama log e-paper,yama log QRe-paper,245345b67e619c2202806e678f112586cdb30b7cbc3a19599819b48184d71dab,fd3c757b9f18468aaeb253455fa9324f,2025-10-09 11:32:41
node-s-8213,yama log e-paper,yama log QRe-paper,20d03e3fc93ee688cacbfd8b7586908ddc5daae9503b514f2ac4f85451ab1b2b,1df1b0579a91458183e5a9ad74190513,2025-10-09 11:32:56
node-s-8213,yama log e-paper,yama log QRe-paper,f24a4e74745f9179fa68d9b9a92364cd8d199e5cb7dc82381765334f177be68c,fea05b584f9242359c374dc9bcb076c6,2025-10-09 11:33:11
node-s-8213,yama log e-paper,yama log QRe-paper,c76991e886c29617d84f5c8bb160d9e59b90eb91d5790f581c53acf9e5300efc,4b8eaf6b6a3c4aa9b0cf2c3d3a960c08,2025-10-09 11:33:26
node-s-8213,yama log e-paper,yama log QRe-paper,c61dc8813c407b2738c987059be41e60b6d7e30a3c39dc8493f61af29fe72628,936ca145d63b4ba49a1170a68a073015,2025-10-09 11:33:40
node-s-8213,yama log e-paper,yama log QRe-paper,d239016a0fb5f390a3ecbf94931990ecbdfba3c22b0bcc8b079e482f48c14aba,67c14fbbbc824f1289b2d59f8f8d2eef,2025-10-09 11:33:55
node-s-8213,yama log e-paper,yama log QRe-paper,15dae3b75d519ac2b6a0300c1f0b72ff96d5088362bf77247bb450b9d0666498,70f7e3941ad04a3181afbfe7547533f8,2025-10-09 11:34:10
node-s-8213,yama log e-paper,yama log QRe-paper,814d9898e61d5c48c7ade4c308e6a66318a21917ac30fa2069a9fca1fbeec499,e3d03dcb9edb41ecaa32322bbe35e2e7,2025-10-09 11:34:25
node-s-8213,yama log e-paper,yama log QRe-paper,f8f9c26f1bee66fc955da40db4ec5303b8948ccbd0904f0400fde06cb625fa32,19ab783c8d35464ebef5be90af835e49,2025-10-09 11:34:40
node-s-8213,yama log e-paper,yama log QRe-paper,0a3b11f36ab204a28349ab62308a8c30b5e1aa6bbeaddcff574486b41c9faab5,1ce042daf64e4de18fcaf16ee485a17b,2025-10-09 11:34:54
node-s-8213,yama log e-paper,yama log QRe-paper,6d693a159a8729a7e1e9049482a371e7e14b785d19427dda1282a5e6bfa2f126,f9b36e4de1204afaaaf3c86f56bdbf15,2025-10-09 11:35:09
node-s-8213,yama log e-paper,yama log QRe-paper,f8b67c6a06828d3511960a7dd9b63c93efad1b079b4ca8767a7d2e05657c6203,6cb68246ff6142dbb05c4148be44aced,2025-10-09 11:35:24
node-s-8213,yama log e-paper,yama log QRe-paper,1d6e91c00d7dfd3907cd1c30bd2a443b13e7a218d2d1d578f77919be564f7445,74a9801d200b4374b342697f26f66075,2025-10-09 11:35:39
node-s-8213,yama log e-paper,yama log QRe-paper,1c455c21d4180bcc5cd66f29ca31b2746deedfc56beec84edeab049387f90ccc,78e0ef3473004c2c88e59fced64b2d7d,2025-10-09 11:35:54
node-s-8213,yama log e-paper,yama log QRe-paper,c6572c67af5d97338d17037a0aa8d0d8223dc10d02678d72bb22d47fd77d9d03,96dfaf46b54f4ca4aa56dc1fdb7a82c9,2025-10-09 11:36:08
node-s-8213,yama log e-paper,yama log QRe-paper,545bfe1293acd5502d3f211e3283a157e117840e84aa384fd2c4561898b4d8c2,4dfa8b61f9b8460b961308d3f0bce9f8,2025-10-09 11:36:23
node-s-8213,yama log e-paper,yama log QRe-paper,d8643e4ff385c2f30ed53be3fa83426193ee44099a82abca0a47b775afb4e730,968efa88caca48f09cc7379d7d742529,2025-10-09 11:36:38
node-s-8213,yama log e-paper,yama log QRe-paper,f33c10b6961e151c332922b5d4f2be9d9c4f617f7020eeca506118beb64d6ceb,2ed57ba8f2de43bdbc32f6fa6d14ded5,2025-10-09 11:36:53
node-s-8213,yama log e-paper,yama log QRe-paper,09ea973f8647ec1d1d59c93077ef26a5ed131d63a2f7bd5b4af80016f62240ea,17eb7ada95ce475a8f3f41b7c6ae7596,2025-10-09 11:37:08
node-s-8213,yama log e-paper,yama log QRe-paper,409884d633916abe51e6028244ad25442405f9fee3c9358b24597abf110586c6,464df50eb82042618c52c61e5c501313,2025-10-09 11:37:22
node-s-8213,yama log e-paper,yama log QRe-paper,ba48ca5186129485dc56e1fc4da3851985081bbe720b69ebd24ffc2817165989,eb64becc42ac4030b1ca82efac349636,2025-10-09 11:37:37
node-s-8213,yama log e-paper,yama log QRe-paper,133f6ca74c1ea5d5a980390c975be0bd5f2d11c0a5dc86de933df866d1a7ff42,290b8f1a399041cfa346f08bc0955382,2025-10-09 11:37:52
node-s-8213,yama log e-paper,yama log QRe-paper,be5b88069730c2f0d36b44c7c47a6e1585890642fe4f87ca50dbe999307913e7,b8b4611646e64190b70a62d33ab9d291,2025-10-09 11:38:07
node-s-8213,yama log e-paper,yama log QRe-paper,97252b23ec47845d910ab9e71e5e0343df65ee6cc77c91764bb06442bbdc7196,484754819cd847dfafb3567beb6a6bfa,2025-10-09 11:38:22
node-s-8213,yama log e-paper,yama log QRe-paper,97b9d29f3b0d75b45a7ae1db9272346197ab56377e9f5ce36d6ade6a3566925d,b8153bd9ffa64bd6bbcd40b68bff3a48,2025-10-09 11:38:36
node-s-8213,yama log e-paper,yama log QRe-paper,b8f324bb494ac613d5de901df161fd5257432ed4f4f83f19d131ef0ec3559d0a,bd20478cf44d4c23994385f481a9483b,2025-10-09 11:38:51
node-s-8213,yama log e-paper,yama log QRe-paper,8307e6cd8d5211a2624f04475c09842e66e49ccae8b23e3aa1d03fa43514c671,6ec0c4cb9b3a4b6b8589ed2e962e0682,2025-10-09 11:39:06
node-s-8213,yama log e-paper,yama log QRe-paper,1a2198501bc6569ea37036e40bf1f02c796794ab0632708a6a262fee59cc3d7f,f8092550faea45b188962cde9691f619,2025-10-09 11:39:21
node-s-8213,yama log e-paper,yama log QRe-paper,00bf1331bc1c569e99b36f3ad00d25ced4fe60c4df45af63680b32db4318c108,1ac98c249d5642a2a30e6b3a92e0fd99,2025-10-09 11:39:36
node-s-8213,yama log e-paper,yama log QRe-paper,49f98263608b97fe56f61864e7e6a02c65bdea04c7fd7c92eb98363fc26a1f8e,120199876b6646f5859c3bc8aaea55ce,2025-10-09 11:39:50
node-s-8213,yama log e-paper,yama log QRe-paper,fbc422fc4f95372c18fd68736e84b0edc28b73e9180ce2bcc1707093dab56afc,2f1126fc6ad043e7a92dbc17753de2b7,2025-10-09 11:40:05
node-s-8213,yama log e-paper,yama log QRe-paper,1825d2d00f9ca6a37f08e7516412a12dc8f13af2c93ab0d40136bd30b8ca7c3a,6dfe8422da634d14887192257dc0c33d,2025-10-09 11:40:20
node-s-8213,yama log e-paper,yama log QRe-paper,9024674afea1da912a4619c0e4dc5951101bb12618f477841aa4c818d882a106,5f756fedaed148c4b6c5748cfc8c9f44,2025-10-09 11:40:35
node-s-8213,yama log e-paper,yama log QRe-paper,cb95112f789b7bc480093892dba6939672d5376178e0d5c06ef3b14a732c7ca0,f491cdefcb944c538a96077c90f19311,2025-10-09 11:40:50
node-s-8213,yama log e-paper,yama log QRe-paper,2538a5e051768bd592e8921977eb1785f5cc18e6508b25c2f53120967cb10563,fd42c254579149c88ac31d67252d2ca3,2025-10-09 11:41:04
node-s-8213,yama log e-paper,yama log QRe-paper,15a8c35d4853a6a4fe8dfc28ecee55346936f6240dcd7268f339d7daad484b17,a7cf8994deb14da496885f80551f6ac6,2025-10-09 11:41:19
node-s-8213,yama log e-paper,yama log QRe-paper,eef7191d931601fbf142fc46457531d9247a636fbe9d23df0d0ec1071e02295d,5be3b760294e4f8398c7c5f28e952ef7,2025-10-09 11:41:34
node-s-8213,yama log e-paper,yama log QRe-paper,979816b53ca9dfd4ec12f6645c79ea96a5d5d9105bfbbd4b8094051227e7468b,a605c902da9b4293a8fa012ca76d4348,2025-10-09 11:41:49
node-s-8213,yama log e-paper,yama log QRe-paper,20fd2e17fbf2dee022c207642db6e14b222e2c4ef443350f6cc35a4546422410,38b15089931a4e92a69743d827c0e178,2025-10-09 11:42:04
node-s-8213,yama log e-paper,yama log QRe-paper,3b40a79b2655ce8a87de63ab1495d769b8c24336b76ca13d721f731f743dc19c,60fc6cc7a9864c64bd5623990884435d,2025-10-09 11:42:18
node-s-8213,yama log e-paper,yama log QRe-paper,d0822fd7e44c36fe768cd1ca42b4e76ca6c40ae6911a768766aa415332207578,6de6077f9aa34a47890d23eaaa54b3df,2025-10-09 11:42:33
node-s-8213,yama log e-paper,yama log QRe-paper,b7e05ffc39a852675dfdadca8d5cf16d27ceabc9d82f91045e1befd77d5f8005,f514ccc3e7d64a889705f3bbb9dc147d,2025-10-09 11:42:48
node-s-8213,yama log e-paper,yama log QRe-paper,7860930d49ccde119ded75934c3478d1bbd2283838b7d5ab5411906ee0a83c60,ae473ffdb6694515b9ef6057dab609b8,2025-10-09 11:43:03
node-s-8213,yama log e-paper,yama log QRe-paper,ae10069c10fb63bd1fe84e21a53634eb27aa5aeb4d18723e737abbcbbb448451,8ca0e29413f84487aa3dac777ba9221a,2025-10-09 11:43:18
node-s-8213,yama log e-paper,yama log QRe-paper,6202158cb80f9b02410d2cc578556f4fea7670b5ddbf5d011ba1882417e74e72,bd61d7a229704ba9aa5b420fecad905c,2025-10-09 11:43:32
node-s-8213,yama log e-paper,yama log QRe-paper,31ff04e888116c8eda03c7338b026f9ca8a5eeaf250339452445bb4292322583,dc5eda9fe2d44e9abebf7060322561a8,2025-10-09 11:43:47
node-s-8213,yama log e-paper,yama log QRe-paper,02697ef337a3703e392c67bb9370676d9bbbf90f1364d96749f3ef4bfc7836b1,b40aaac533ba437f8ac6f802daac508a,2025-10-09 11:44:02
node-s-8213,yama log e-paper,yama log QRe-paper,cceaa874a929d1bda607c6c8809e78cba4d01930234d1bc00af76820b8ca3c8b,deba51b71a754d0cbb615d688d16e813,2025-10-09 11:44:17
node-s-8213,yama log e-paper,yama log QRe-paper,2969fb967d23b71697785784139f32cecbe2b92761c7da09a6c65effa39aad2f,2a555c48460b4cbeb2f152ced9bae418,2025-10-09 11:44:32
node-s-8213,yama log e-paper,yama log QRe-paper,bf0ee5b7fde0582d9f93beef6ec29d44a0b7e4d06ba82f1e3cc0bcedb57b5683,bef5c091648a4692ba5699ff847dc57c,2025-10-09 11:44:46
node-s-8213,yama log e-paper,yama log QRe-paper,7de27f17e0650815111f9b4ea6f79f6570f210cc287d23a3f690fa654389efd0,06e706b9759547b28ca86e747a085f33,2025-10-09 11:45:01
node-s-8213,yama log e-paper,yama log QRe-paper,a4ae29bad90179f08058299dfe7dacf0f059fcab3356803a875d5a701a0c8403,52ef585d6692419f8fbe0dabdeb1bb2e,2025-10-09 11:45:16
node-s-8213,yama log e-paper,yama log QRe-paper,563d60131998f36cd980e8d027ac643e476e3ac510f3e08edf21f9edb135fb1d,b49fd0411d6640e2956dc28a99a3f214,2025-10-09 11:45:31
node-s-8213,yama log e-paper,yama log QRe-paper,3644086741891b13bfc8dc3fcafb1b22a162e64f590fad27b19ef6260c93bd9b,adb41444e22f44e7b1efa4da1814e98e,2025-10-09 11:45:46
node-s-8213,yama log e-paper,yama log QRe-paper,8823ec1f65bc123e07ae19a526117763c42f18ec6d1864f984283831ca7dbb5d,160da5c25e3548bb9042b22675cbe0ef,2025-10-09 11:46:00
node-s-8213,yama log e-paper,yama log QRe-paper,c3650a4afeb9cfe96cd6c49f75b8339f310f550f5956927a6a6783af7f136f06,624cfea64bec47e1b7bfdf8ba37ec4d8,2025-10-09 11:46:15
node-s-8213,yama log e-paper,yama log QRe-paper,826c9a25ef00d79204ed6ed2c002fe830cda8ed3fbdd0bd0b433414a03e7235e,d331ea7c463b43ea86b5fb854e09d5d5,2025-10-09 11:46:30
node-s-8213,yama log e-paper,yama log QRe-paper,6b75e584f4cd682e24132e34e00c6f6c774942217920e1a3a9d94d523a3969bd,faccacbb9e76468f81a8cea0bc1c2bee,2025-10-09 11:46:45
node-s-8213,yama log e-paper,yama log QRe-paper,c9e4bea8931f1c52c8f2c85b2041459df3597192b3de5634174eb3e73ca34181,31ec2f7051c548629231983a4a9b0d67,2025-10-09 11:47:00
node-s-8213,yama log e-paper,yama log QRe-paper,fc66af09a0f4d3530ea549d623b4553484f8e512d5efeb46b778f886750c5a98,6077d67029af4a7f80db336a9b4a5312,2025-10-09 11:47:14
node-s-8213,yama log e-paper,yama log QRe-paper,7d6b578a2a75646616ed6e6daf80ea9cb8a67c9856559e32fbd696432c218765,0014393bb02447eb803aef8f5703b8d4,2025-10-09 11:47:29
node-s-8213,yama log e-paper,yama log QRe-paper,ea07bae57ca53d919693edd2377494012396ccf46122755ce04347302a830b95,2258fcf55d25471cb01375c8640b51b3,2025-10-09 11:47:44
node-s-8213,yama log e-paper,yama log QRe-paper,397ff8cca128f4971d9aa9b01e7776746390c3a82f2bc2c7b2c3a8dc9eab3130,08ee2e40ce9444a68a9ed85716aa2cef,2025-10-09 11:47:59
node-s-8213,yama log e-paper,yama log QRe-paper,918b7034c85b755eac4bcf9c738c7e7545054b42a515b8d7089b868391e00d8a,728ec764792346eca92fc0a6a99a77b2,2025-10-09 11:48:14
node-s-8213,yama log e-paper,yama log QRe-paper,cd34db27b9e923379948fae2108b1f4ed22f1ef555249c24fb700a3a8163960f,d02f63015e3a446095c1b4fac812e0b7,2025-10-09 11:48:28
node-s-8213,yama log e-paper,yama log QRe-paper,b60542f90b0b044187e7d1befc8cc30f75a6ea26c3d571a00dec87c4eba123e9,bedee4bcabf548eb875cd6ce76884110,2025-10-09 11:48:43
node-s-8213,yama log e-paper,yama log QRe-paper,b220b7b3056330c2136a850ce6ed0bf7e50dc354dde6847b3c8184af12997f9d,a1bee8cd34c240e4bdc1d4c76508134a,2025-10-09 11:48:58
node-s-8213,yama log e-paper,yama log QRe-paper,1867c6cf17105c2c6f504b64ad332bae2b7ed74c2435e99033ac7b85b70e7150,4c50550991044cfc8dd9f76d3347bac9,2025-10-09 11:49:13
node-s-8213,yama log e-paper,yama log QRe-paper,1ac566fab1857060150bb9036276a292f1b04ba988e2e92e1e26dbdf62d6bfef,9ff2ccda98de42a5a8d5725af34b6913,2025-10-09 11:49:28
node-s-8213,yama log e-paper,yama log QRe-paper,ab3430d6dc1f4b306d222d411b4faeaa9255284d8a0dcbae7e3038a80ade1f80,6c6c2a0105a7407ba6fc9354cddfb1a7,2025-10-09 11:49:42
node-s-8213,yama log e-paper,yama log QRe-paper,75986111b3ae36b7e8e5c6629a07c94809664383efe22b667247ea03abceea2c,412df41d252a4c6d8ad485d7bbea18ed,2025-10-09 11:49:57
node-s-8213,yama log e-paper,yama log QRe-paper,8ab555e5b744bdb67f6d10bc12bf96b43cae08212a4ed698ebe50ae5b1e3d8dd,18f8f87941824fe0830fb33ee7488646,2025-10-09 11:50:12
node-s-8213,yama log e-paper,yama log QRe-paper,04052f76f8e71eee34c8c4bdc2c0fbcd498860ef50fbf82b87d2476dca3fa2b9,aac1c8042b2d46848160da7a621e1ed7,2025-10-09 11:50:27
node-s-8213,yama log e-paper,yama log QRe-paper,377fcc083024a40d0676af62a8f0913aef598a3129a93434eb5b4438be6cb294,87f71df3bd5743d79d6b8c30f49197e9,2025-10-09 11:50:42
node-s-8213,yama log e-paper,yama log QRe-paper,3923cf2489090644a25c103cc8a9e4820ca5277c8e56d1901d4f70695cf70776,1141dc79d1014fcbaed2d2dbc1dfd7c2,2025-10-09 11:50:56
node-s-8213,yama log e-paper,yama log QRe-paper,b513d6495b84997304d2536461c66e9e718e1f31d8392d68e5fc98a32b236aba,a28871f5198f4ffd9112ec118ffeed30,2025-10-09 11:51:11
node-s-8213,yama log e-paper,yama log QRe-paper,2b73f3fe4edd900d5e5816c866ac494951120334f62e4d63fd1c5fdb6a690b93,b17ccaceaa35432a93c2c5f9b207c0ef,2025-10-09 11:51:26
node-s-8213,yama log e-paper,yama log QRe-paper,65c8447c68c2dbf6eed14f2ff1aaf7adc77385478fbd6c3ca0e998516f985f53,551d10109274460d9e2e25eb9675e461,2025-10-09 11:51:41
node-s-8213,yama log e-paper,yama log QRe-paper,f13ad5e772477281d7ccaee26867cb4e6ae039b8c4d2ffc0d8155d1ba737693e,e2eceb74e2764b6db5f1cc78da5dfead,2025-10-09 11:51:56
node-s-8213,yama log e-paper,yama log QRe-paper,f95b903aec6cc75510e64ccd0db15dc12cde4cf4619275b3a00e317c45a9197f,5f70e0f5ef5f44cfb71392e612ac9834,2025-10-09 11:52:10
node-s-8213,yama log e-paper,yama log QRe-paper,632435485b10e0f6fedf5442f5fc563eda2019c2ccb6657f5d38f0e66cbb3c06,ecd7e5b7736d4f878feb5f1aa93d12dd,2025-10-09 11:52:25
node-s-8213,yama log e-paper,yama log QRe-paper,5da4678baeff2351a3bda041c4ec325768338a3ec309c9393830033f6ecb28db,cc2898e581354bdbb55a0881d4b82da6,2025-10-09 11:52:40
node-s-8213,yama log e-paper,yama log QRe-paper,82f2c41baea9bc8b3760fb7a266b1581d922b52031d825a047b9d9723f47f4d0,0432bd4324b74f898a182df96e39e40c,2025-10-09 11:52:55
node-s-8213,yama log e-paper,yama log QRe-paper,fd2087b043f98eff226e1c20b7df49cce77847274289e6b65b6a9bf87482e10f,6e3302e0c6494bc396e679209c392be2,2025-10-09 11:53:10
node-s-8213,yama log e-paper,yama log QRe-paper,6a2d6d62f627e5faed74cda9ce6bb6e8fb06e69c7fbc89c79ccd5b55e02ed679,ebcc2a3c67aa4e5084aa650ecc68e051,2025-10-09 11:53:24
node-s-8213,yama log e-paper,yama log QRe-paper,1b834745666ca3f41bd9cfd8fbbcfa5e33d75cfdf62dcf187503cd2e9c07f0cf,a6cd64f6353642139845a4992ea4cd6e,2025-10-09 11:53:39
node-s-8213,yama log e-paper,yama log QRe-paper,133f27535781cce71c2ed7e2c5ac9486ac95cbd1622ad61067cdca451d681040,f37dedccebd1445fa5135171df284608,2025-10-09 11:53:54
node-s-8213,yama log e-paper,yama log QRe-paper,613dd7cc9257a09ad55c9e229ae80e9736882a188c106035116c76e1614b1298,ec9aee676dd04f5f886402d08d231c18,2025-10-09 11:54:09
node-s-8213,yama log e-paper,yama log QRe-paper,1b7e463cbf26ab5b09d785463120659caef2b321f8255da51d6e3e98c209ec31,fd8198dfa2af4c8c9043b93ae3a64eab,2025-10-09 11:54:24
node-s-8213,yama log e-paper,yama log QRe-paper,e5f3efb09eb10f513e70d00a78043070e0483e04def127bb308053f70ceada91,e668f7ea96ca48d3bcf04a1fe2b10402,2025-10-09 11:54:38
node-s-8213,yama log e-paper,yama log QRe-paper,4ca840c19382cacba94b651756d9996fd9a7f390b8dd0af07ecb800d163fb891,0f18ada7e85849068d00a4126c000661,2025-10-09 11:54:53
node-s-8213,yama log e-paper,yama log QRe-paper,4721b817c5114ea9e1d5e4a8e916b74ef570a060308f84d8656f040fc8a003f8,417e9172d51b48cf8303d200a1e23b36,2025-10-09 11:55:08
node-s-8213,yama log e-paper,yama log QRe-paper,d80d2066083ea9db4a2956ea1ad03309774c1239e56c4ef343c488087bd04eab,77d715f39085411db0d0f4f0a5609750,2025-10-09 11:55:23
node-s-8213,yama log e-paper,yama log QRe-paper,c0afdc4d14e206408823b8d9ff1cb7fbc3157b37d52c1bcac512dc8d658b3319,0992ee507f2540a6a342021948f83386,2025-10-09 11:55:38
node-s-8213,yama log e-paper,yama log QRe-paper,0932981a147d914976d03ad3a4b734ea9e803b58531e2e6714999fba53b1685e,ab693ea6977145d09c4f252188e7c193,2025-10-09 11:55:52
node-s-8213,yama log e-paper,yama log QRe-paper,2e11566de8dac1432fb5529a56ff74dd2834e9a09ed018a1fd3af3ea3b9a6917,4981a9e3638b493a8d58ac715630053a,2025-10-09 11:56:07
node-s-8213,yama log e-paper,yama log QRe-paper,eb52fc400bb3cad2d0a6ae282d474f5fe4818ec74a142a2bd88d0cd3f8464083,b5a28b6677b54e0f9c2e90e060be4d18,2025-10-09 11:56:22
node-s-8213,yama log e-paper,yama log QRe-paper,d3b9443d0bd274f2ca485a637e025a035c5fa5d1f1bd77cbf965607dc8f9871d,ac93c0a298c34981aed2cfd0d08a6cb8,2025-10-09 11:56:37
node-s-8213,yama log e-paper,yama log QRe-paper,d12c58796cb14fca84e53af1f52dc77b6b658e1bc6a7bb48c1033a4170f93ee7,2052a95685cd4549992dec02d6cee0b2,2025-10-09 11:56:52
node-s-8213,yama log e-paper,yama log QRe-paper,b9e78cec0ea57747ed212836fe3c8928fec80d62cb5cebd532c346b26aa42dcf,2ce308668d06427f91eed7e5c61a4268,2025-10-09 11:57:06
node-s-8213,yama log e-paper,yama log QRe-paper,1174d00e85c3c18edaee90372583f7523d1b5cb8ae7f2ae74c5283a273da721d,2569a60fac9b4dc0b0eb8ff0fdec3ec7,2025-10-09 11:57:21
node-s-8213,yama log e-paper,yama log QRe-paper,af70cf936fdb592790fc947f588102b62e9e99bd0c8b935e6f17cea996022969,beb7b8b4728a444bab443eafdd20f576,2025-10-09 11:57:36
node-s-8213,yama log e-paper,yama log QRe-paper,401dc6bd865b8e102d6e504397fdb4badc82c6bb11f64b667617f535ee70fb14,14773768e135468fa767c6b7e5c315e9,2025-10-09 11:57:51
node-s-8213,yama log e-paper,yama log QRe-paper,3608e94c94511fd74973412c2fae3152222baa1a3e8ec270af9fae76ce7ad151,46fc7a5676b6472fbe0f9e209f7a1ced,2025-10-09 11:58:06
node-s-8213,yama log e-paper,yama log QRe-paper,32fc4a6983f297398c4d7725f9e1e4ccbcd5528a94eff14892149c50848d3abe,eb7136fb34d94738937def4dc30f1c38,2025-10-09 11:58:20
node-s-8213,yama log e-paper,yama log QRe-paper,1148bef2d216d328b8295badfe3b86a1a23fe76f7bf05e86b81af6508cbb7849,79cb948fa4c54a4f9945dad5266c6375,2025-10-09 11:58:35
node-s-8213,yama log e-paper,yama log QRe-paper,a7cbe6aca7104dde2a9d005f89d70aa2e02bbd3c0501eee0938c5d60aca8eccd,c1f81d573ea440768f49d8597f297d80,2025-10-09 11:58:50
node-s-8213,yama log e-paper,yama log QRe-paper,181a8c4e79f041ae67d3bfc996bf616b52e995977a033a97e5b86648ae750167,3b4319701cb348d6b50c9df73b533a66,2025-10-09 11:59:05
node-s-8213,yama log e-paper,yama log QRe-paper,80026d33f729611edb44d338a64015e35be5ec138d9112caee293eaec870a00b,0bbf143dbfe64090891ba380a1d02292,2025-10-09 11:59:20
node-s-8213,yama log e-paper,yama log QRe-paper,d554a3d230cf20cd0501c6022b116589709a0e14bcefc0e54b07aa4563409884,dc84d2e057b64115ba8f24dfc9af2408,2025-10-09 11:59:34
node-s-8213,yama log e-paper,yama log QRe-paper,7b3e8b7ccc76036b435d6472651a6b7b58b6b32d3c7bf1fd1ba6c1bc8f21bd46,7b97a0666fc946a7963e4155c0652bac,2025-10-09 11:59:49
node-s-8213,yama log e-paper,yama log QRe-paper,4b52baa15bedc92ace169fb809cfc02f7e50f51bd981ff239c433c9557277eb8,1a78de315bd0450a817dc81c35e4fa1b,2025-10-09 12:00:04
node-s-8213,yama log e-paper,yama log QRe-paper,8d98bfd3dfabde38129cf21a5f3f56da691d2630fe37d378b1cff1a86b3a2d51,40f61882b9d943a7b7bec980996c2cff,2025-10-09 12:00:19
node-s-8213,yama log e-paper,yama log QRe-paper,2e8fa36b9b2cdc54f93d1a9f01d7c3d9bc34f535c169fc4e57629bdcdc912161,50a4043b0a774c2ba68eb263e3766e43,2025-10-09 12:00:34
node-s-8213,yama log e-paper,yama log QRe-paper,2d3a71d9789646dd45cb1771dcf48f3dc8e5b7bde90feffd88b8e839d017e8e8,4a77bedf9cfd4dbaa8f17c3c8df46d61,2025-10-09 12:00:48
node-s-8213,yama log e-paper,yama log QRe-paper,439be15e5d6cc3bb4dbe7ac66ad8bf3775e0ec74fb1f76958b840110e367d509,e1935a01bacc41799b8465158a30ca88,2025-10-09 12:01:03
node-s-8213,yama log e-paper,yama log QRe-paper,668e7686dbd1a6ffdd8ef7ad1cc9ae321b3b93e1a9fe414756172d0e7ea2fcb6,55377b70bd224c0e939f17b4c14aca89,2025-10-09 12:01:18
node-s-8213,yama log e-paper,yama log QRe-paper,35870a2cd199da9f3e2c1613ef9dde3cd3a6b5b8109d37dd931ae13ec75bed4a,72b3829eae2d458bbe9bd16410cfc6f5,2025-10-09 12:01:33
node-s-8213,yama log e-paper,yama log QRe-paper,c7b2294cef9f5a1541393861f319c1081b13e095fed5ef35f0b473381da9accb,07873d810af548f78fb65c64022c0dbc,2025-10-09 12:01:48
node-s-8213,yama log e-paper,yama log QRe-paper,3068d54b9c28f739f5ac0a88300decc774c5e78f666bfb217d53e3e0707737c0,4a8e76c83bb1470cb1409ebe50abd6c6,2025-10-09 12:02:02
node-s-8213,yama log e-paper,yama log QRe-paper,b06acb48ddc2833ab8dba821f0c7462dc84f91559aa853542c074cafa191d695,e3ace2625959491e97638fb5acd493cf,2025-10-09 12:02:17
node-s-8213,yama log e-paper,yama log QRe-paper,8153ebf9d9322f6f98d4d81192b23c1c9cae4b93da28af866d266a81b6c1612d,f6fe45eae25241afa68480179fb13be8,2025-10-09 12:02:32
node-s-8213,yama log e-paper,yama log QRe-paper,f4fd83bba709add3d82195e20c099278c1dca767dc52e5e68f92eefdb4126144,aa4cec8497a3470984bc257247f5f7a6,2025-10-09 12:02:47
node-s-8213,yama log e-paper,yama log QRe-paper,566916c44fa09d168f89f23c6d8263746b2ee2f914c89705da2e65d6b7e0465b,b4418a8a8797412b93ae3e8f0e8c859f,2025-10-09 12:03:02
