node_id,name,description,unique_id,qr_id,timestamp
node-s-3in7g,yama log e-paper,yama log QRe-paper,de57f9caa1d2cd5000a9e707db7a6f112fc28753842ed8d633435b0869a39764,f023c4412a594801b83d3e963235d6eb,2026-04-25 13:03:26
node-s-3in7g,yama log e-paper,yama log QRe-paper,7ffaf10f942352174a6af299601cfb731a80d78f75d0f03d5709cc21c52940df,3fb1d62235a148d198d303cc2265dc55,2026-04-25 13:04:04
node-s-3in7g,yama log e-paper,yama log QRe-paper,88a08a599e4ec0e7f17f73b5aeecf677ff816fd214b0eb5d431db74ca67d96d0,e0cd173b961a4ed5a8c194ee456a2b66,2026-04-25 13:05:17
node-s-3in7g,yama log e-paper,yama log QRe-paper,afbe15c9d7ade8db350c30cb8704af5ef8d02cc4ad72763f506fa7fd04f88ee7,f12022fb055e40b69d52f37715046c5a,2026-04-25 13:06:25
node-s-3in7g,yama log e-paper,yama log QRe-paper,3763e58873884f00a234972f22a6c24c5ced80801f356e25e134e7e01fd2ddcd,c8c6cb83d21c45a0b8180d13acf35824,2026-04-25 13:07:33
node-s-3in7g,yama log e-paper,yama log QRe-paper,8391675c57db3f151dc8cbfdcb0b16a7c1a5b4a4fafce99bb1aab4fe296f359e,a939f7f5e02147cba2e9717bd1d98dbb,2026-04-25 13:08:47
node-s-3in7g,yama log e-paper,yama log QRe-paper,69f625381ede2b38cd2ad99a383c9c87926e769c519cfd6b5c7833db04e06255,cb0830f7bea843b6a7a1bfdc9a9ca67b,2026-04-25 13:10:26
node-s-3in7g,yama log e-paper,yama log QRe-paper,6fd49168a245e60992f2d3c5cc593c3964a95e42b6f952b83f6ed56f6b0d0fcf,3abe9beb46124226a549d61941307bef,2026-04-25 13:11:34
node-s-3in7g,yama log e-paper,yama log QRe-paper,d81083db5ac503539c5d088f730aaf4a26215cb37c700473dc244e88f7169e7c,659f65743e7248b5a41e565ed39c5790,2026-04-25 13:12:42
node-s-3in7g,yama log e-paper,yama log QRe-paper,35cec9d35dca5ce00e77e4bc85f1e529a5dee78902524f86bee349bc18d5c3c4,8f474d75ab1041089ca2dbb6d3711b16,2026-04-25 13:13:51
node-s-3in7g,yama log e-paper,yama log QRe-paper,4cc626e251785b8da5f30ad52906c79e606ff3d39206b765811d97ab0997d4d7,9896a4d2f0ea4dcea4c8d5423479969f,2026-04-25 13:14:59
node-s-3in7g,yama log e-paper,yama log QRe-paper,0196bfbc171db45a0aa3cdb63fa362e138a6eee1394b9a45b5a43baf53153ef4,48fef144e5f54fff85fb0fbc505c6cff,2026-04-25 13:16:07
node-s-3in7g,yama log e-paper,yama log QRe-paper,55aa0fc274cb6864a083c5c7bd5de041494b92db28a87b1e9706a2b6e968471f,3d74ed245ee14551a615362f1caad6f6,2026-04-25 13:17:15
